Model,Loss,Accuracy
notes_relu_Adadelta.h5,1.0088697247982026,0.6488000154495239
notes_relu_Adagrad.h5,0.4593663999140263,0.8424000144004822
notes_relu_Adam.h5,0.1324001303553563,0.9599999785423279
notes_relu_Adamax.h5,0.15908841733931914,0.9503999948501587
notes_relu_Nadam.h5,0.19397523674964906,0.9408000111579895
notes_relu_RMSprop.h5,0.9425227928161621,0.7599999904632568
notes_relu_SGD.h5,0.15445830640678176,0.9480000138282776
ftrl,1.108062178325653,0.5415999889373779
