Model,Loss,Accuracy
notes_relu_Adadelta.h5,1.023087288,0.6575999856
notes_relu_Adagrad.h5,0.4639560738,0.8343999982
notes_relu_Adam.h5,0.45607613,0.8335999846
notes_relu_Adamax.h5,0.1771635221,0.9448000193
notes_relu_Nadam.h5,1.120205537,0.7336000204
notes_relu_RMSprop.h5,0.1319276859,0.9527999759
notes_relu_SGD.h5,0.330707817,0.8903999925
notes_relu_ftrl,1.6094,0.3256